,slr_pipe,mlr_key_pipe,mlr_all_pipe,knn_pipe,svr_pipe,rf_pipe,ada_pipe,grad_pipe,xgb_pipe,ordinal_logistic_pipe,ordinal_knn_pipe,ordinal_rf_pipe,ordinal_ada_pipe,ordinal_grad_pipe,ordinal_xgb_pipe
Compute SII from PCIAT (Standard Bins) (kappa),0.257071444502904,0.3998321454879231,0.34120274953620205,0.30753191502537397,0.2113114659976409,0.36991324544566834,0.37321353518810596,0.4009447838689885,0.36191361052764065,0.0,0.0,0.0,0.0,0.0,0.0
Compute SII from PCIAT (Modified Bins) (kappa),0.34233575964004537,0.4307901974556311,0.3635028137434433,0.34177561622181896,0.27178504306067275,0.4114764385909697,0.40560943847079256,0.42259406916658426,0.3578536622276107,0.0,0.0,0.0,0.0,0.0,0.0
Predict SII (rounded) (kappa),0.27689837344208784,0.37030588224856004,0.27168447555071695,0.30461585131843893,0.2944034940278296,0.36069738376704585,0.21069873526203375,0.37490383326867205,0.3184167889730782,0.29210711043496373,0.24902256172970105,0.2681929651319729,0.31254953816440517,0.3760950590238519,0.3746973015818625
Predict SII (+0.1 rounded) (kappa),0.2967752851153652,0.35791522211341037,0.2809215917003149,0.3045894335964484,0.30204799759641043,0.33838375444071955,0.1738355836386935,0.36077625513719785,0.3142289232239611,0.29210711043496373,0.24902256172970105,0.2681929651319729,0.31254953816440517,0.3760950590238519,0.3746973015818625
